model,threshold,flagged,recall,precision,false_positive_rate
Isolation Forest,0.9,212,0.32891832229580575,0.7303921568627451,0.03664223850766156
Isolation Forest,0.95,86,0.15673289183222958,0.8765432098765432,0.006662225183211193
Isolation Forest,0.97,53,0.10154525386313466,0.9387755102040817,0.001998667554963358
Isolation Forest,0.98,36,0.0728476821192053,1.0,0.0
Isolation Forest,0.99,21,0.04194260485651214,1.0,0.0
Local Outlier Factor,0.9,1356,0.46799116997792495,0.15963855421686746,0.7435043304463691
Local Outlier Factor,0.95,1013,0.31346578366445915,0.1431451612903226,0.5662891405729513
Local Outlier Factor,0.97,908,0.25165562913907286,0.12823397075365578,0.5163224516988674
Local Outlier Factor,0.98,820,0.2163355408388521,0.12234706616729088,0.46835443037974683
Local Outlier Factor,0.99,663,0.1479028697571744,0.1035548686244204,0.3864090606262492
Elliptic Envelope,0.9,78,0.1368653421633554,0.8157894736842105,0.009327115256495669
Elliptic Envelope,0.95,0,0.0,0.0,0.0
Elliptic Envelope,0.97,0,0.0,0.0,0.0
Elliptic Envelope,0.98,0,0.0,0.0,0.0
Elliptic Envelope,0.99,0,0.0,0.0,0.0
