anomaly_watch,anomaly_high,leakage_util_watch,leakage_util_high,leakage_slope_watch,leakage_slope_high,defective_green,defective_watch,defective_red,defective_green_rate,defective_capture_rate,watch_or_high_capture,high_capture,healthy_green,healthy_watch,healthy_red,healthy_red_rate,total_alert_rate,red_precision
0.3,0.8,0.75,0.9,0.025,0.04,52,94,182,0.15853658536585366,0.8414634146341463,0.8414634146341463,0.5548780487804879,648,422,54,0.04804270462633452,0.5175202156334232,0.7711864406779662
0.3,0.8,0.75,0.9,0.025,0.05,52,132,144,0.15853658536585366,0.8414634146341463,0.8414634146341463,0.43902439024390244,648,424,52,0.046263345195729534,0.5175202156334232,0.7346938775510204
0.3,0.8,0.75,0.95,0.025,0.04,52,94,182,0.15853658536585366,0.8414634146341463,0.8414634146341463,0.5548780487804879,648,422,54,0.04804270462633452,0.5175202156334232,0.7711864406779662
0.3,0.8,0.75,0.95,0.025,0.05,52,132,144,0.15853658536585366,0.8414634146341463,0.8414634146341463,0.43902439024390244,648,424,52,0.046263345195729534,0.5175202156334232,0.7346938775510204
0.3,0.8,0.75,1.0,0.025,0.04,52,94,182,0.15853658536585366,0.8414634146341463,0.8414634146341463,0.5548780487804879,648,422,54,0.04804270462633452,0.5175202156334232,0.7711864406779662
0.3,0.8,0.75,1.0,0.025,0.05,52,132,144,0.15853658536585366,0.8414634146341463,0.8414634146341463,0.43902439024390244,648,424,52,0.046263345195729534,0.5175202156334232,0.7346938775510204
0.3,0.8,0.75,1.05,0.025,0.04,52,94,182,0.15853658536585366,0.8414634146341463,0.8414634146341463,0.5548780487804879,648,422,54,0.04804270462633452,0.5175202156334232,0.7711864406779662
0.3,0.8,0.75,1.05,0.025,0.05,52,132,144,0.15853658536585366,0.8414634146341463,0.8414634146341463,0.43902439024390244,648,424,52,0.046263345195729534,0.5175202156334232,0.7346938775510204
0.3,0.8,0.8,0.9,0.025,0.04,52,94,182,0.15853658536585366,0.8414634146341463,0.8414634146341463,0.5548780487804879,648,422,54,0.04804270462633452,0.5175202156334232,0.7711864406779662
0.3,0.8,0.8,0.9,0.025,0.05,52,132,144,0.15853658536585366,0.8414634146341463,0.8414634146341463,0.43902439024390244,648,424,52,0.046263345195729534,0.5175202156334232,0.7346938775510204
0.3,0.8,0.8,0.95,0.025,0.04,52,94,182,0.15853658536585366,0.8414634146341463,0.8414634146341463,0.5548780487804879,648,422,54,0.04804270462633452,0.5175202156334232,0.7711864406779662
0.3,0.8,0.8,0.95,0.025,0.05,52,132,144,0.15853658536585366,0.8414634146341463,0.8414634146341463,0.43902439024390244,648,424,52,0.046263345195729534,0.5175202156334232,0.7346938775510204
0.3,0.8,0.8,1.0,0.025,0.04,52,94,182,0.15853658536585366,0.8414634146341463,0.8414634146341463,0.5548780487804879,648,422,54,0.04804270462633452,0.5175202156334232,0.7711864406779662
0.3,0.8,0.8,1.0,0.025,0.05,52,132,144,0.15853658536585366,0.8414634146341463,0.8414634146341463,0.43902439024390244,648,424,52,0.046263345195729534,0.5175202156334232,0.7346938775510204
0.3,0.8,0.8,1.05,0.025,0.04,52,94,182,0.15853658536585366,0.8414634146341463,0.8414634146341463,0.5548780487804879,648,422,54,0.04804270462633452,0.5175202156334232,0.7711864406779662
0.3,0.8,0.8,1.05,0.025,0.05,52,132,144,0.15853658536585366,0.8414634146341463,0.8414634146341463,0.43902439024390244,648,424,52,0.046263345195729534,0.5175202156334232,0.7346938775510204
0.3,0.8,0.85,0.9,0.025,0.04,52,94,182,0.15853658536585366,0.8414634146341463,0.8414634146341463,0.5548780487804879,648,422,54,0.04804270462633452,0.5175202156334232,0.7711864406779662
0.3,0.8,0.85,0.9,0.025,0.05,52,132,144,0.15853658536585366,0.8414634146341463,0.8414634146341463,0.43902439024390244,648,424,52,0.046263345195729534,0.5175202156334232,0.7346938775510204
0.3,0.8,0.85,0.95,0.025,0.04,52,94,182,0.15853658536585366,0.8414634146341463,0.8414634146341463,0.5548780487804879,648,422,54,0.04804270462633452,0.5175202156334232,0.7711864406779662
0.3,0.8,0.85,0.95,0.025,0.05,52,132,144,0.15853658536585366,0.8414634146341463,0.8414634146341463,0.43902439024390244,648,424,52,0.046263345195729534,0.5175202156334232,0.7346938775510204
0.3,0.8,0.85,1.0,0.025,0.04,52,94,182,0.15853658536585366,0.8414634146341463,0.8414634146341463,0.5548780487804879,648,422,54,0.04804270462633452,0.5175202156334232,0.7711864406779662
0.3,0.8,0.85,1.0,0.025,0.05,52,132,144,0.15853658536585366,0.8414634146341463,0.8414634146341463,0.43902439024390244,648,424,52,0.046263345195729534,0.5175202156334232,0.7346938775510204
0.3,0.8,0.85,1.05,0.025,0.04,52,94,182,0.15853658536585366,0.8414634146341463,0.8414634146341463,0.5548780487804879,648,422,54,0.04804270462633452,0.5175202156334232,0.7711864406779662
0.3,0.8,0.85,1.05,0.025,0.05,52,132,144,0.15853658536585366,0.8414634146341463,0.8414634146341463,0.43902439024390244,648,424,52,0.046263345195729534,0.5175202156334232,0.7346938775510204
0.3,0.8,0.9,0.95,0.025,0.04,52,94,182,0.15853658536585366,0.8414634146341463,0.8414634146341463,0.5548780487804879,648,422,54,0.04804270462633452,0.5175202156334232,0.7711864406779662
0.3,0.8,0.9,0.95,0.025,0.05,52,132,144,0.15853658536585366,0.8414634146341463,0.8414634146341463,0.43902439024390244,648,424,52,0.046263345195729534,0.5175202156334232,0.7346938775510204
0.3,0.8,0.9,1.0,0.025,0.04,52,94,182,0.15853658536585366,0.8414634146341463,0.8414634146341463,0.5548780487804879,648,422,54,0.04804270462633452,0.5175202156334232,0.7711864406779662
0.3,0.8,0.9,1.0,0.025,0.05,52,132,144,0.15853658536585366,0.8414634146341463,0.8414634146341463,0.43902439024390244,648,424,52,0.046263345195729534,0.5175202156334232,0.7346938775510204
0.3,0.8,0.9,1.05,0.025,0.04,52,94,182,0.15853658536585366,0.8414634146341463,0.8414634146341463,0.5548780487804879,648,422,54,0.04804270462633452,0.5175202156334232,0.7711864406779662
0.3,0.8,0.9,1.05,0.025,0.05,52,132,144,0.15853658536585366,0.8414634146341463,0.8414634146341463,0.43902439024390244,648,424,52,0.046263345195729534,0.5175202156334232,0.7346938775510204
0.3,0.8,0.95,1.0,0.025,0.04,52,94,182,0.15853658536585366,0.8414634146341463,0.8414634146341463,0.5548780487804879,648,422,54,0.04804270462633452,0.5175202156334232,0.7711864406779662
0.3,0.8,0.95,1.0,0.025,0.05,52,132,144,0.15853658536585366,0.8414634146341463,0.8414634146341463,0.43902439024390244,648,424,52,0.046263345195729534,0.5175202156334232,0.7346938775510204
0.3,0.8,0.95,1.05,0.025,0.04,52,94,182,0.15853658536585366,0.8414634146341463,0.8414634146341463,0.5548780487804879,648,422,54,0.04804270462633452,0.5175202156334232,0.7711864406779662
0.3,0.8,0.95,1.05,0.025,0.05,52,132,144,0.15853658536585366,0.8414634146341463,0.8414634146341463,0.43902439024390244,648,424,52,0.046263345195729534,0.5175202156334232,0.7346938775510204
0.4,0.8,0.75,0.9,0.02,0.04,44,102,182,0.13414634146341464,0.8658536585365854,0.8658536585365854,0.5548780487804879,601,469,54,0.04804270462633452,0.5559299191374663,0.7711864406779662
0.4,0.8,0.75,0.9,0.02,0.05,44,140,144,0.13414634146341464,0.8658536585365854,0.8658536585365854,0.43902439024390244,601,471,52,0.046263345195729534,0.5559299191374663,0.7346938775510204
0.4,0.8,0.75,0.9,0.025,0.04,66,80,182,0.20121951219512196,0.7987804878048781,0.7987804878048781,0.5548780487804879,794,276,54,0.04804270462633452,0.40700808625336926,0.7711864406779662
0.4,0.8,0.75,0.9,0.025,0.05,66,118,144,0.20121951219512196,0.7987804878048781,0.7987804878048781,0.43902439024390244,794,278,52,0.046263345195729534,0.40700808625336926,0.7346938775510204
0.4,0.8,0.75,0.95,0.02,0.04,44,102,182,0.13414634146341464,0.8658536585365854,0.8658536585365854,0.5548780487804879,601,469,54,0.04804270462633452,0.5559299191374663,0.7711864406779662
0.4,0.8,0.75,0.95,0.02,0.05,44,140,144,0.13414634146341464,0.8658536585365854,0.8658536585365854,0.43902439024390244,601,471,52,0.046263345195729534,0.5559299191374663,0.7346938775510204
0.4,0.8,0.75,0.95,0.025,0.04,66,80,182,0.20121951219512196,0.7987804878048781,0.7987804878048781,0.5548780487804879,794,276,54,0.04804270462633452,0.40700808625336926,0.7711864406779662
0.4,0.8,0.75,0.95,0.025,0.05,66,118,144,0.20121951219512196,0.7987804878048781,0.7987804878048781,0.43902439024390244,794,278,52,0.046263345195729534,0.40700808625336926,0.7346938775510204
0.4,0.8,0.75,1.0,0.02,0.04,44,102,182,0.13414634146341464,0.8658536585365854,0.8658536585365854,0.5548780487804879,601,469,54,0.04804270462633452,0.5559299191374663,0.7711864406779662
0.4,0.8,0.75,1.0,0.02,0.05,44,140,144,0.13414634146341464,0.8658536585365854,0.8658536585365854,0.43902439024390244,601,471,52,0.046263345195729534,0.5559299191374663,0.7346938775510204
0.4,0.8,0.75,1.0,0.025,0.04,66,80,182,0.20121951219512196,0.7987804878048781,0.7987804878048781,0.5548780487804879,794,276,54,0.04804270462633452,0.40700808625336926,0.7711864406779662
0.4,0.8,0.75,1.0,0.025,0.05,66,118,144,0.20121951219512196,0.7987804878048781,0.7987804878048781,0.43902439024390244,794,278,52,0.046263345195729534,0.40700808625336926,0.7346938775510204
0.4,0.8,0.75,1.05,0.02,0.04,44,102,182,0.13414634146341464,0.8658536585365854,0.8658536585365854,0.5548780487804879,601,469,54,0.04804270462633452,0.5559299191374663,0.7711864406779662
0.4,0.8,0.75,1.05,0.02,0.05,44,140,144,0.13414634146341464,0.8658536585365854,0.8658536585365854,0.43902439024390244,601,471,52,0.046263345195729534,0.5559299191374663,0.7346938775510204
0.4,0.8,0.75,1.05,0.025,0.04,66,80,182,0.20121951219512196,0.7987804878048781,0.7987804878048781,0.5548780487804879,794,276,54,0.04804270462633452,0.40700808625336926,0.7711864406779662
0.4,0.8,0.75,1.05,0.025,0.05,66,118,144,0.20121951219512196,0.7987804878048781,0.7987804878048781,0.43902439024390244,794,278,52,0.046263345195729534,0.40700808625336926,0.7346938775510204
0.4,0.8,0.8,0.9,0.02,0.04,44,102,182,0.13414634146341464,0.8658536585365854,0.8658536585365854,0.5548780487804879,601,469,54,0.04804270462633452,0.5559299191374663,0.7711864406779662
0.4,0.8,0.8,0.9,0.02,0.05,44,140,144,0.13414634146341464,0.8658536585365854,0.8658536585365854,0.43902439024390244,601,471,52,0.046263345195729534,0.5559299191374663,0.7346938775510204
0.4,0.8,0.8,0.9,0.025,0.04,66,80,182,0.20121951219512196,0.7987804878048781,0.7987804878048781,0.5548780487804879,794,276,54,0.04804270462633452,0.40700808625336926,0.7711864406779662
0.4,0.8,0.8,0.9,0.025,0.05,66,118,144,0.20121951219512196,0.7987804878048781,0.7987804878048781,0.43902439024390244,794,278,52,0.046263345195729534,0.40700808625336926,0.7346938775510204
0.4,0.8,0.8,0.95,0.02,0.04,44,102,182,0.13414634146341464,0.8658536585365854,0.8658536585365854,0.5548780487804879,601,469,54,0.04804270462633452,0.5559299191374663,0.7711864406779662
0.4,0.8,0.8,0.95,0.02,0.05,44,140,144,0.13414634146341464,0.8658536585365854,0.8658536585365854,0.43902439024390244,601,471,52,0.046263345195729534,0.5559299191374663,0.7346938775510204
0.4,0.8,0.8,0.95,0.025,0.04,66,80,182,0.20121951219512196,0.7987804878048781,0.7987804878048781,0.5548780487804879,794,276,54,0.04804270462633452,0.40700808625336926,0.7711864406779662
0.4,0.8,0.8,0.95,0.025,0.05,66,118,144,0.20121951219512196,0.7987804878048781,0.7987804878048781,0.43902439024390244,794,278,52,0.046263345195729534,0.40700808625336926,0.7346938775510204
0.4,0.8,0.8,1.0,0.02,0.04,44,102,182,0.13414634146341464,0.8658536585365854,0.8658536585365854,0.5548780487804879,601,469,54,0.04804270462633452,0.5559299191374663,0.7711864406779662
0.4,0.8,0.8,1.0,0.02,0.05,44,140,144,0.13414634146341464,0.8658536585365854,0.8658536585365854,0.43902439024390244,601,471,52,0.046263345195729534,0.5559299191374663,0.7346938775510204
0.4,0.8,0.8,1.0,0.025,0.04,66,80,182,0.20121951219512196,0.7987804878048781,0.7987804878048781,0.5548780487804879,794,276,54,0.04804270462633452,0.40700808625336926,0.7711864406779662
0.4,0.8,0.8,1.0,0.025,0.05,66,118,144,0.20121951219512196,0.7987804878048781,0.7987804878048781,0.43902439024390244,794,278,52,0.046263345195729534,0.40700808625336926,0.7346938775510204
0.4,0.8,0.8,1.05,0.02,0.04,44,102,182,0.13414634146341464,0.8658536585365854,0.8658536585365854,0.5548780487804879,601,469,54,0.04804270462633452,0.5559299191374663,0.7711864406779662
0.4,0.8,0.8,1.05,0.02,0.05,44,140,144,0.13414634146341464,0.8658536585365854,0.8658536585365854,0.43902439024390244,601,471,52,0.046263345195729534,0.5559299191374663,0.7346938775510204
0.4,0.8,0.8,1.05,0.025,0.04,66,80,182,0.20121951219512196,0.7987804878048781,0.7987804878048781,0.5548780487804879,794,276,54,0.04804270462633452,0.40700808625336926,0.7711864406779662
0.4,0.8,0.8,1.05,0.025,0.05,66,118,144,0.20121951219512196,0.7987804878048781,0.7987804878048781,0.43902439024390244,794,278,52,0.046263345195729534,0.40700808625336926,0.7346938775510204
0.4,0.8,0.85,0.9,0.02,0.04,44,102,182,0.13414634146341464,0.8658536585365854,0.8658536585365854,0.5548780487804879,601,469,54,0.04804270462633452,0.5559299191374663,0.7711864406779662
0.4,0.8,0.85,0.9,0.02,0.05,44,140,144,0.13414634146341464,0.8658536585365854,0.8658536585365854,0.43902439024390244,601,471,52,0.046263345195729534,0.5559299191374663,0.7346938775510204
0.4,0.8,0.85,0.9,0.025,0.04,66,80,182,0.20121951219512196,0.7987804878048781,0.7987804878048781,0.5548780487804879,794,276,54,0.04804270462633452,0.40700808625336926,0.7711864406779662
0.4,0.8,0.85,0.9,0.025,0.05,66,118,144,0.20121951219512196,0.7987804878048781,0.7987804878048781,0.43902439024390244,794,278,52,0.046263345195729534,0.40700808625336926,0.7346938775510204
0.4,0.8,0.85,0.95,0.02,0.04,44,102,182,0.13414634146341464,0.8658536585365854,0.8658536585365854,0.5548780487804879,601,469,54,0.04804270462633452,0.5559299191374663,0.7711864406779662
0.4,0.8,0.85,0.95,0.02,0.05,44,140,144,0.13414634146341464,0.8658536585365854,0.8658536585365854,0.43902439024390244,601,471,52,0.046263345195729534,0.5559299191374663,0.7346938775510204
0.4,0.8,0.85,0.95,0.025,0.04,66,80,182,0.20121951219512196,0.7987804878048781,0.7987804878048781,0.5548780487804879,794,276,54,0.04804270462633452,0.40700808625336926,0.7711864406779662
0.4,0.8,0.85,0.95,0.025,0.05,66,118,144,0.20121951219512196,0.7987804878048781,0.7987804878048781,0.43902439024390244,794,278,52,0.046263345195729534,0.40700808625336926,0.7346938775510204
0.4,0.8,0.85,1.0,0.02,0.04,44,102,182,0.13414634146341464,0.8658536585365854,0.8658536585365854,0.5548780487804879,601,469,54,0.04804270462633452,0.5559299191374663,0.7711864406779662
0.4,0.8,0.85,1.0,0.02,0.05,44,140,144,0.13414634146341464,0.8658536585365854,0.8658536585365854,0.43902439024390244,601,471,52,0.046263345195729534,0.5559299191374663,0.7346938775510204
0.4,0.8,0.85,1.0,0.025,0.04,66,80,182,0.20121951219512196,0.7987804878048781,0.7987804878048781,0.5548780487804879,794,276,54,0.04804270462633452,0.40700808625336926,0.7711864406779662
0.4,0.8,0.85,1.0,0.025,0.05,66,118,144,0.20121951219512196,0.7987804878048781,0.7987804878048781,0.43902439024390244,794,278,52,0.046263345195729534,0.40700808625336926,0.7346938775510204
0.4,0.8,0.85,1.05,0.02,0.04,44,102,182,0.13414634146341464,0.8658536585365854,0.8658536585365854,0.5548780487804879,601,469,54,0.04804270462633452,0.5559299191374663,0.7711864406779662
0.4,0.8,0.85,1.05,0.02,0.05,44,140,144,0.13414634146341464,0.8658536585365854,0.8658536585365854,0.43902439024390244,601,471,52,0.046263345195729534,0.5559299191374663,0.7346938775510204
0.4,0.8,0.85,1.05,0.025,0.04,66,80,182,0.20121951219512196,0.7987804878048781,0.7987804878048781,0.5548780487804879,794,276,54,0.04804270462633452,0.40700808625336926,0.7711864406779662
0.4,0.8,0.85,1.05,0.025,0.05,66,118,144,0.20121951219512196,0.7987804878048781,0.7987804878048781,0.43902439024390244,794,278,52,0.046263345195729534,0.40700808625336926,0.7346938775510204
0.4,0.8,0.9,0.95,0.02,0.04,44,102,182,0.13414634146341464,0.8658536585365854,0.8658536585365854,0.5548780487804879,601,469,54,0.04804270462633452,0.5559299191374663,0.7711864406779662
0.4,0.8,0.9,0.95,0.02,0.05,44,140,144,0.13414634146341464,0.8658536585365854,0.8658536585365854,0.43902439024390244,601,471,52,0.046263345195729534,0.5559299191374663,0.7346938775510204
0.4,0.8,0.9,0.95,0.025,0.04,66,80,182,0.20121951219512196,0.7987804878048781,0.7987804878048781,0.5548780487804879,794,276,54,0.04804270462633452,0.40700808625336926,0.7711864406779662
0.4,0.8,0.9,0.95,0.025,0.05,66,118,144,0.20121951219512196,0.7987804878048781,0.7987804878048781,0.43902439024390244,794,278,52,0.046263345195729534,0.40700808625336926,0.7346938775510204
0.4,0.8,0.9,1.0,0.02,0.04,44,102,182,0.13414634146341464,0.8658536585365854,0.8658536585365854,0.5548780487804879,601,469,54,0.04804270462633452,0.5559299191374663,0.7711864406779662
0.4,0.8,0.9,1.0,0.02,0.05,44,140,144,0.13414634146341464,0.8658536585365854,0.8658536585365854,0.43902439024390244,601,471,52,0.046263345195729534,0.5559299191374663,0.7346938775510204
0.4,0.8,0.9,1.0,0.025,0.04,66,80,182,0.20121951219512196,0.7987804878048781,0.7987804878048781,0.5548780487804879,794,276,54,0.04804270462633452,0.40700808625336926,0.7711864406779662
0.4,0.8,0.9,1.0,0.025,0.05,66,118,144,0.20121951219512196,0.7987804878048781,0.7987804878048781,0.43902439024390244,794,278,52,0.046263345195729534,0.40700808625336926,0.7346938775510204
0.4,0.8,0.9,1.05,0.02,0.04,44,102,182,0.13414634146341464,0.8658536585365854,0.8658536585365854,0.5548780487804879,601,469,54,0.04804270462633452,0.5559299191374663,0.7711864406779662
0.4,0.8,0.9,1.05,0.02,0.05,44,140,144,0.13414634146341464,0.8658536585365854,0.8658536585365854,0.43902439024390244,601,471,52,0.046263345195729534,0.5559299191374663,0.7346938775510204
0.4,0.8,0.9,1.05,0.025,0.04,66,80,182,0.20121951219512196,0.7987804878048781,0.7987804878048781,0.5548780487804879,794,276,54,0.04804270462633452,0.40700808625336926,0.7711864406779662
0.4,0.8,0.9,1.05,0.025,0.05,66,118,144,0.20121951219512196,0.7987804878048781,0.7987804878048781,0.43902439024390244,794,278,52,0.046263345195729534,0.40700808625336926,0.7346938775510204
0.4,0.8,0.95,1.0,0.02,0.04,44,102,182,0.13414634146341464,0.8658536585365854,0.8658536585365854,0.5548780487804879,601,469,54,0.04804270462633452,0.5559299191374663,0.7711864406779662
0.4,0.8,0.95,1.0,0.02,0.05,44,140,144,0.13414634146341464,0.8658536585365854,0.8658536585365854,0.43902439024390244,601,471,52,0.046263345195729534,0.5559299191374663,0.7346938775510204
0.4,0.8,0.95,1.0,0.025,0.04,66,80,182,0.20121951219512196,0.7987804878048781,0.7987804878048781,0.5548780487804879,794,276,54,0.04804270462633452,0.40700808625336926,0.7711864406779662
0.4,0.8,0.95,1.0,0.025,0.05,66,118,144,0.20121951219512196,0.7987804878048781,0.7987804878048781,0.43902439024390244,794,278,52,0.046263345195729534,0.40700808625336926,0.7346938775510204
0.4,0.8,0.95,1.05,0.02,0.04,44,102,182,0.13414634146341464,0.8658536585365854,0.8658536585365854,0.5548780487804879,601,469,54,0.04804270462633452,0.5559299191374663,0.7711864406779662
0.4,0.8,0.95,1.05,0.02,0.05,44,140,144,0.13414634146341464,0.8658536585365854,0.8658536585365854,0.43902439024390244,601,471,52,0.046263345195729534,0.5559299191374663,0.7346938775510204
0.4,0.8,0.95,1.05,0.025,0.04,66,80,182,0.20121951219512196,0.7987804878048781,0.7987804878048781,0.5548780487804879,794,276,54,0.04804270462633452,0.40700808625336926,0.7711864406779662
0.4,0.8,0.95,1.05,0.025,0.05,66,118,144,0.20121951219512196,0.7987804878048781,0.7987804878048781,0.43902439024390244,794,278,52,0.046263345195729534,0.40700808625336926,0.7346938775510204
0.5,0.8,0.75,0.9,0.02,0.04,51,95,182,0.15548780487804878,0.8445121951219512,0.8445121951219512,0.5548780487804879,672,398,54,0.04804270462633452,0.5026954177897575,0.7711864406779662
0.5,0.8,0.75,0.9,0.02,0.05,51,133,144,0.15548780487804878,0.8445121951219512,0.8445121951219512,0.43902439024390244,672,400,52,0.046263345195729534,0.5026954177897575,0.7346938775510204
0.5,0.8,0.75,0.9,0.025,0.04,77,69,182,0.2347560975609756,0.7652439024390244,0.7652439024390244,0.5548780487804879,876,194,54,0.04804270462633452,0.3436657681940701,0.7711864406779662
0.5,0.8,0.75,0.9,0.025,0.05,77,107,144,0.2347560975609756,0.7652439024390244,0.7652439024390244,0.43902439024390244,876,196,52,0.046263345195729534,0.3436657681940701,0.7346938775510204
0.5,0.8,0.75,0.95,0.02,0.04,51,95,182,0.15548780487804878,0.8445121951219512,0.8445121951219512,0.5548780487804879,672,398,54,0.04804270462633452,0.5026954177897575,0.7711864406779662
0.5,0.8,0.75,0.95,0.02,0.05,51,133,144,0.15548780487804878,0.8445121951219512,0.8445121951219512,0.43902439024390244,672,400,52,0.046263345195729534,0.5026954177897575,0.7346938775510204
0.5,0.8,0.75,0.95,0.025,0.04,77,69,182,0.2347560975609756,0.7652439024390244,0.7652439024390244,0.5548780487804879,876,194,54,0.04804270462633452,0.3436657681940701,0.7711864406779662
0.5,0.8,0.75,0.95,0.025,0.05,77,107,144,0.2347560975609756,0.7652439024390244,0.7652439024390244,0.43902439024390244,876,196,52,0.046263345195729534,0.3436657681940701,0.7346938775510204
0.5,0.8,0.75,1.0,0.02,0.04,51,95,182,0.15548780487804878,0.8445121951219512,0.8445121951219512,0.5548780487804879,672,398,54,0.04804270462633452,0.5026954177897575,0.7711864406779662
0.5,0.8,0.75,1.0,0.02,0.05,51,133,144,0.15548780487804878,0.8445121951219512,0.8445121951219512,0.43902439024390244,672,400,52,0.046263345195729534,0.5026954177897575,0.7346938775510204
0.5,0.8,0.75,1.0,0.025,0.04,77,69,182,0.2347560975609756,0.7652439024390244,0.7652439024390244,0.5548780487804879,876,194,54,0.04804270462633452,0.3436657681940701,0.7711864406779662
0.5,0.8,0.75,1.0,0.025,0.05,77,107,144,0.2347560975609756,0.7652439024390244,0.7652439024390244,0.43902439024390244,876,196,52,0.046263345195729534,0.3436657681940701,0.7346938775510204
0.5,0.8,0.75,1.05,0.02,0.04,51,95,182,0.15548780487804878,0.8445121951219512,0.8445121951219512,0.5548780487804879,672,398,54,0.04804270462633452,0.5026954177897575,0.7711864406779662
0.5,0.8,0.75,1.05,0.02,0.05,51,133,144,0.15548780487804878,0.8445121951219512,0.8445121951219512,0.43902439024390244,672,400,52,0.046263345195729534,0.5026954177897575,0.7346938775510204
0.5,0.8,0.75,1.05,0.025,0.04,77,69,182,0.2347560975609756,0.7652439024390244,0.7652439024390244,0.5548780487804879,876,194,54,0.04804270462633452,0.3436657681940701,0.7711864406779662
0.5,0.8,0.75,1.05,0.025,0.05,77,107,144,0.2347560975609756,0.7652439024390244,0.7652439024390244,0.43902439024390244,876,196,52,0.046263345195729534,0.3436657681940701,0.7346938775510204
0.5,0.8,0.8,0.9,0.02,0.04,51,95,182,0.15548780487804878,0.8445121951219512,0.8445121951219512,0.5548780487804879,672,398,54,0.04804270462633452,0.5026954177897575,0.7711864406779662
0.5,0.8,0.8,0.9,0.02,0.05,51,133,144,0.15548780487804878,0.8445121951219512,0.8445121951219512,0.43902439024390244,672,400,52,0.046263345195729534,0.5026954177897575,0.7346938775510204
0.5,0.8,0.8,0.9,0.025,0.04,77,69,182,0.2347560975609756,0.7652439024390244,0.7652439024390244,0.5548780487804879,876,194,54,0.04804270462633452,0.3436657681940701,0.7711864406779662
0.5,0.8,0.8,0.9,0.025,0.05,77,107,144,0.2347560975609756,0.7652439024390244,0.7652439024390244,0.43902439024390244,876,196,52,0.046263345195729534,0.3436657681940701,0.7346938775510204
0.5,0.8,0.8,0.95,0.02,0.04,51,95,182,0.15548780487804878,0.8445121951219512,0.8445121951219512,0.5548780487804879,672,398,54,0.04804270462633452,0.5026954177897575,0.7711864406779662
0.5,0.8,0.8,0.95,0.02,0.05,51,133,144,0.15548780487804878,0.8445121951219512,0.8445121951219512,0.43902439024390244,672,400,52,0.046263345195729534,0.5026954177897575,0.7346938775510204
0.5,0.8,0.8,0.95,0.025,0.04,77,69,182,0.2347560975609756,0.7652439024390244,0.7652439024390244,0.5548780487804879,876,194,54,0.04804270462633452,0.3436657681940701,0.7711864406779662
0.5,0.8,0.8,0.95,0.025,0.05,77,107,144,0.2347560975609756,0.7652439024390244,0.7652439024390244,0.43902439024390244,876,196,52,0.046263345195729534,0.3436657681940701,0.7346938775510204
0.5,0.8,0.8,1.0,0.02,0.04,51,95,182,0.15548780487804878,0.8445121951219512,0.8445121951219512,0.5548780487804879,672,398,54,0.04804270462633452,0.5026954177897575,0.7711864406779662
0.5,0.8,0.8,1.0,0.02,0.05,51,133,144,0.15548780487804878,0.8445121951219512,0.8445121951219512,0.43902439024390244,672,400,52,0.046263345195729534,0.5026954177897575,0.7346938775510204
0.5,0.8,0.8,1.0,0.025,0.04,77,69,182,0.2347560975609756,0.7652439024390244,0.7652439024390244,0.5548780487804879,876,194,54,0.04804270462633452,0.3436657681940701,0.7711864406779662
0.5,0.8,0.8,1.0,0.025,0.05,77,107,144,0.2347560975609756,0.7652439024390244,0.7652439024390244,0.43902439024390244,876,196,52,0.046263345195729534,0.3436657681940701,0.7346938775510204
0.5,0.8,0.8,1.05,0.02,0.04,51,95,182,0.15548780487804878,0.8445121951219512,0.8445121951219512,0.5548780487804879,672,398,54,0.04804270462633452,0.5026954177897575,0.7711864406779662
0.5,0.8,0.8,1.05,0.02,0.05,51,133,144,0.15548780487804878,0.8445121951219512,0.8445121951219512,0.43902439024390244,672,400,52,0.046263345195729534,0.5026954177897575,0.7346938775510204
0.5,0.8,0.8,1.05,0.025,0.04,77,69,182,0.2347560975609756,0.7652439024390244,0.7652439024390244,0.5548780487804879,876,194,54,0.04804270462633452,0.3436657681940701,0.7711864406779662
0.5,0.8,0.8,1.05,0.025,0.05,77,107,144,0.2347560975609756,0.7652439024390244,0.7652439024390244,0.43902439024390244,876,196,52,0.046263345195729534,0.3436657681940701,0.7346938775510204
0.5,0.8,0.85,0.9,0.02,0.04,51,95,182,0.15548780487804878,0.8445121951219512,0.8445121951219512,0.5548780487804879,672,398,54,0.04804270462633452,0.5026954177897575,0.7711864406779662
0.5,0.8,0.85,0.9,0.02,0.05,51,133,144,0.15548780487804878,0.8445121951219512,0.8445121951219512,0.43902439024390244,672,400,52,0.046263345195729534,0.5026954177897575,0.7346938775510204
0.5,0.8,0.85,0.9,0.025,0.04,77,69,182,0.2347560975609756,0.7652439024390244,0.7652439024390244,0.5548780487804879,876,194,54,0.04804270462633452,0.3436657681940701,0.7711864406779662
0.5,0.8,0.85,0.9,0.025,0.05,77,107,144,0.2347560975609756,0.7652439024390244,0.7652439024390244,0.43902439024390244,876,196,52,0.046263345195729534,0.3436657681940701,0.7346938775510204
0.5,0.8,0.85,0.95,0.02,0.04,51,95,182,0.15548780487804878,0.8445121951219512,0.8445121951219512,0.5548780487804879,672,398,54,0.04804270462633452,0.5026954177897575,0.7711864406779662
0.5,0.8,0.85,0.95,0.02,0.05,51,133,144,0.15548780487804878,0.8445121951219512,0.8445121951219512,0.43902439024390244,672,400,52,0.046263345195729534,0.5026954177897575,0.7346938775510204
0.5,0.8,0.85,0.95,0.025,0.04,77,69,182,0.2347560975609756,0.7652439024390244,0.7652439024390244,0.5548780487804879,876,194,54,0.04804270462633452,0.3436657681940701,0.7711864406779662
0.5,0.8,0.85,0.95,0.025,0.05,77,107,144,0.2347560975609756,0.7652439024390244,0.7652439024390244,0.43902439024390244,876,196,52,0.046263345195729534,0.3436657681940701,0.7346938775510204
0.5,0.8,0.85,1.0,0.02,0.04,51,95,182,0.15548780487804878,0.8445121951219512,0.8445121951219512,0.5548780487804879,672,398,54,0.04804270462633452,0.5026954177897575,0.7711864406779662
0.5,0.8,0.85,1.0,0.02,0.05,51,133,144,0.15548780487804878,0.8445121951219512,0.8445121951219512,0.43902439024390244,672,400,52,0.046263345195729534,0.5026954177897575,0.7346938775510204
0.5,0.8,0.85,1.0,0.025,0.04,77,69,182,0.2347560975609756,0.7652439024390244,0.7652439024390244,0.5548780487804879,876,194,54,0.04804270462633452,0.3436657681940701,0.7711864406779662
0.5,0.8,0.85,1.0,0.025,0.05,77,107,144,0.2347560975609756,0.7652439024390244,0.7652439024390244,0.43902439024390244,876,196,52,0.046263345195729534,0.3436657681940701,0.7346938775510204
0.5,0.8,0.85,1.05,0.02,0.04,51,95,182,0.15548780487804878,0.8445121951219512,0.8445121951219512,0.5548780487804879,672,398,54,0.04804270462633452,0.5026954177897575,0.7711864406779662
0.5,0.8,0.85,1.05,0.02,0.05,51,133,144,0.15548780487804878,0.8445121951219512,0.8445121951219512,0.43902439024390244,672,400,52,0.046263345195729534,0.5026954177897575,0.7346938775510204
0.5,0.8,0.85,1.05,0.025,0.04,77,69,182,0.2347560975609756,0.7652439024390244,0.7652439024390244,0.5548780487804879,876,194,54,0.04804270462633452,0.3436657681940701,0.7711864406779662
0.5,0.8,0.85,1.05,0.025,0.05,77,107,144,0.2347560975609756,0.7652439024390244,0.7652439024390244,0.43902439024390244,876,196,52,0.046263345195729534,0.3436657681940701,0.7346938775510204
0.5,0.8,0.9,0.95,0.02,0.04,51,95,182,0.15548780487804878,0.8445121951219512,0.8445121951219512,0.5548780487804879,672,398,54,0.04804270462633452,0.5026954177897575,0.7711864406779662
0.5,0.8,0.9,0.95,0.02,0.05,51,133,144,0.15548780487804878,0.8445121951219512,0.8445121951219512,0.43902439024390244,672,400,52,0.046263345195729534,0.5026954177897575,0.7346938775510204
0.5,0.8,0.9,0.95,0.025,0.04,77,69,182,0.2347560975609756,0.7652439024390244,0.7652439024390244,0.5548780487804879,876,194,54,0.04804270462633452,0.3436657681940701,0.7711864406779662
0.5,0.8,0.9,0.95,0.025,0.05,77,107,144,0.2347560975609756,0.7652439024390244,0.7652439024390244,0.43902439024390244,876,196,52,0.046263345195729534,0.3436657681940701,0.7346938775510204
0.5,0.8,0.9,1.0,0.02,0.04,51,95,182,0.15548780487804878,0.8445121951219512,0.8445121951219512,0.5548780487804879,672,398,54,0.04804270462633452,0.5026954177897575,0.7711864406779662
0.5,0.8,0.9,1.0,0.02,0.05,51,133,144,0.15548780487804878,0.8445121951219512,0.8445121951219512,0.43902439024390244,672,400,52,0.046263345195729534,0.5026954177897575,0.7346938775510204
0.5,0.8,0.9,1.0,0.025,0.04,77,69,182,0.2347560975609756,0.7652439024390244,0.7652439024390244,0.5548780487804879,876,194,54,0.04804270462633452,0.3436657681940701,0.7711864406779662
0.5,0.8,0.9,1.0,0.025,0.05,77,107,144,0.2347560975609756,0.7652439024390244,0.7652439024390244,0.43902439024390244,876,196,52,0.046263345195729534,0.3436657681940701,0.7346938775510204
0.5,0.8,0.9,1.05,0.02,0.04,51,95,182,0.15548780487804878,0.8445121951219512,0.8445121951219512,0.5548780487804879,672,398,54,0.04804270462633452,0.5026954177897575,0.7711864406779662
0.5,0.8,0.9,1.05,0.02,0.05,51,133,144,0.15548780487804878,0.8445121951219512,0.8445121951219512,0.43902439024390244,672,400,52,0.046263345195729534,0.5026954177897575,0.7346938775510204
0.5,0.8,0.9,1.05,0.025,0.04,77,69,182,0.2347560975609756,0.7652439024390244,0.7652439024390244,0.5548780487804879,876,194,54,0.04804270462633452,0.3436657681940701,0.7711864406779662
0.5,0.8,0.9,1.05,0.025,0.05,77,107,144,0.2347560975609756,0.7652439024390244,0.7652439024390244,0.43902439024390244,876,196,52,0.046263345195729534,0.3436657681940701,0.7346938775510204
0.5,0.8,0.95,1.0,0.02,0.04,51,95,182,0.15548780487804878,0.8445121951219512,0.8445121951219512,0.5548780487804879,672,398,54,0.04804270462633452,0.5026954177897575,0.7711864406779662
0.5,0.8,0.95,1.0,0.02,0.05,51,133,144,0.15548780487804878,0.8445121951219512,0.8445121951219512,0.43902439024390244,672,400,52,0.046263345195729534,0.5026954177897575,0.7346938775510204
0.5,0.8,0.95,1.0,0.025,0.04,77,69,182,0.2347560975609756,0.7652439024390244,0.7652439024390244,0.5548780487804879,876,194,54,0.04804270462633452,0.3436657681940701,0.7711864406779662
0.5,0.8,0.95,1.0,0.025,0.05,77,107,144,0.2347560975609756,0.7652439024390244,0.7652439024390244,0.43902439024390244,876,196,52,0.046263345195729534,0.3436657681940701,0.7346938775510204
0.5,0.8,0.95,1.05,0.02,0.04,51,95,182,0.15548780487804878,0.8445121951219512,0.8445121951219512,0.5548780487804879,672,398,54,0.04804270462633452,0.5026954177897575,0.7711864406779662
0.5,0.8,0.95,1.05,0.02,0.05,51,133,144,0.15548780487804878,0.8445121951219512,0.8445121951219512,0.43902439024390244,672,400,52,0.046263345195729534,0.5026954177897575,0.7346938775510204
0.5,0.8,0.95,1.05,0.025,0.04,77,69,182,0.2347560975609756,0.7652439024390244,0.7652439024390244,0.5548780487804879,876,194,54,0.04804270462633452,0.3436657681940701,0.7711864406779662
0.5,0.8,0.95,1.05,0.025,0.05,77,107,144,0.2347560975609756,0.7652439024390244,0.7652439024390244,0.43902439024390244,876,196,52,0.046263345195729534,0.3436657681940701,0.7346938775510204
