batch_id,device_family,chamber_id,ambient_temp_C,burn_in_temp_C,humidity_pct,batch_leak_shift_uA,batch_delay_shift_ns
B01,Memory_IC,CH-04,25.35,110.0,46.19,-0.8188,0.0892
B02,Memory_IC,CH-01,25.48,125.0,45.08,-0.4053,0.0057
B03,Logic_IC,CH-04,25.4,125.0,39.87,1.6171,0.1747
B04,Memory_IC,CH-01,23.33,125.0,45.87,-0.6216,0.266
B05,Memory_IC,CH-01,21.99,120.0,40.95,-0.4769,-0.1418
B06,Memory_IC,CH-04,25.16,125.0,33.22,-0.2758,0.0768
B07,Logic_IC,CH-01,24.67,125.0,34.16,1.1734,0.0709
B08,Logic_IC,CH-01,26.03,125.0,41.06,0.5669,0.0395
B09,MixedSignal,CH-01,23.32,125.0,39.5,0.4645,-0.0065
B10,Analog_IC,CH-01,24.41,125.0,44.7,0.2471,-0.2147
B11,Logic_IC,CH-03,24.13,125.0,45.39,-0.1087,0.1829
B12,MixedSignal,CH-04,25.52,110.0,41.24,0.1726,-0.2417
B13,Memory_IC,CH-04,25.88,120.0,50.08,-0.0422,0.1529
B14,Memory_IC,CH-04,23.81,110.0,43.79,-0.015,-0.0498
B15,Analog_IC,CH-03,25.65,120.0,34.73,-0.5403,-0.1652
B16,Logic_IC,CH-03,25.37,125.0,42.9,-0.1926,-0.1369
B17,Logic_IC,CH-04,23.77,125.0,44.24,0.3946,0.3313
B18,Memory_IC,CH-03,25.53,125.0,42.78,-0.5315,-0.0262
B19,MixedSignal,CH-03,26.25,120.0,31.08,0.1813,0.1774
B20,Memory_IC,CH-03,26.82,125.0,43.35,-0.314,-0.1845
